/*
 Navicat Premium Data Transfer

 Source Server         : aliyun-docker-oracle
 Source Server Type    : Oracle
 Source Server Version : 110200
 Source Host           : 47.114.188.65:1521
 Source Schema         : SSMQIYEQX

 Target Server Type    : Oracle
 Target Server Version : 110200
 File Encoding         : 65001

 Date: 09/11/2020 23:12:43
*/


-- ----------------------------
-- Table structure for MEMBER
-- ----------------------------
DROP TABLE "SSMQIYEQX"."MEMBER";
CREATE TABLE "SSMQIYEQX"."MEMBER" (
  "ID" VARCHAR2(32 BYTE) DEFAULT SYS_GUID()   NOT NULL ,
  "NAME" VARCHAR2(20 BYTE) ,
  "NICKNAME" VARCHAR2(20 BYTE) ,
  "PHONENUM" VARCHAR2(20 BYTE) ,
  "EMAIL" VARCHAR2(20 BYTE) 
)
TABLESPACE "USERS"
LOGGING
NOCOMPRESS
PCTFREE 10
INITRANS 1
STORAGE (
  INITIAL 65536 
  NEXT 1048576 
  MINEXTENTS 1
  MAXEXTENTS 2147483645
  BUFFER_POOL DEFAULT
)
PARALLEL 1
NOCACHE
DISABLE ROW MOVEMENT
;

-- ----------------------------
-- Records of MEMBER
-- ----------------------------
INSERT INTO "SSMQIYEQX"."MEMBER" VALUES ('E61D65F673D54F68B0861025C69773DB', '张三', '小三', '18888888888', 'zs@163.com');

-- ----------------------------
-- Table structure for ORDERS
-- ----------------------------
DROP TABLE "SSMQIYEQX"."ORDERS";
CREATE TABLE "SSMQIYEQX"."ORDERS" (
  "ID" VARCHAR2(32 BYTE) DEFAULT SYS_GUID()   NOT NULL ,
  "ORDERNUM" VARCHAR2(20 BYTE) NOT NULL ,
  "ORDERTIME" TIMESTAMP(6) ,
  "PEOPLECOUNT" NUMBER ,
  "ORDERDESC" VARCHAR2(500 BYTE) ,
  "PAYTYPE" NUMBER ,
  "ORDERSTATUS" NUMBER ,
  "PRODUCTID" VARCHAR2(32 BYTE) ,
  "MEMBERID" VARCHAR2(32 BYTE) 
)
TABLESPACE "USERS"
LOGGING
NOCOMPRESS
PCTFREE 10
INITRANS 1
STORAGE (
  INITIAL 65536 
  NEXT 1048576 
  MINEXTENTS 1
  MAXEXTENTS 2147483645
  BUFFER_POOL DEFAULT
)
PARALLEL 1
NOCACHE
DISABLE ROW MOVEMENT
;

-- ----------------------------
-- Records of ORDERS
-- ----------------------------
INSERT INTO "SSMQIYEQX"."ORDERS" VALUES ('0E7231DC797C486290E8713CA3C6ECCC', '12345', TO_TIMESTAMP('2018-03-02 12:00:00.000000', 'SYYYY-MM-DD HH24:MI:SS:FF6'), '2', '没什么', '0', '1', '676C5BD1D35E429A8C2E114939C5685A', 'E61D65F673D54F68B0861025C69773DB');
INSERT INTO "SSMQIYEQX"."ORDERS" VALUES ('5DC6A48DD4E94592AE904930EA866AFA', '54321', TO_TIMESTAMP('2018-03-02 12:00:00.000000', 'SYYYY-MM-DD HH24:MI:SS:FF6'), '2', '没什么', '0', '1', '676C5BD1D35E429A8C2E114939C5685A', 'E61D65F673D54F68B0861025C69773DB');
INSERT INTO "SSMQIYEQX"."ORDERS" VALUES ('2FF351C4AC744E2092DCF08CFD314420', '67890', TO_TIMESTAMP('2018-03-02 12:00:00.000000', 'SYYYY-MM-DD HH24:MI:SS:FF6'), '2', '没什么', '0', '1', '12B7ABF2A4C544568B0A7C69F36BF8B7', 'E61D65F673D54F68B0861025C69773DB');
INSERT INTO "SSMQIYEQX"."ORDERS" VALUES ('A0657832D93E4B10AE88A2D4B70B1A28', '98765', TO_TIMESTAMP('2018-03-02 12:00:00.000000', 'SYYYY-MM-DD HH24:MI:SS:FF6'), '2', '没什么', '0', '1', '12B7ABF2A4C544568B0A7C69F36BF8B7', 'E61D65F673D54F68B0861025C69773DB');
INSERT INTO "SSMQIYEQX"."ORDERS" VALUES ('E4DD4C45EED84870ABA83574A801083E', '11111', TO_TIMESTAMP('2018-03-02 12:00:00.000000', 'SYYYY-MM-DD HH24:MI:SS:FF6'), '2', '没什么', '0', '1', '12B7ABF2A4C544568B0A7C69F36BF8B7', 'E61D65F673D54F68B0861025C69773DB');
INSERT INTO "SSMQIYEQX"."ORDERS" VALUES ('96CC8BD43C734CC2ACBFF09501B4DD5D', '22222', TO_TIMESTAMP('2018-03-02 12:00:00.000000', 'SYYYY-MM-DD HH24:MI:SS:FF6'), '2', '没什么', '0', '1', '12B7ABF2A4C544568B0A7C69F36BF8B7', 'E61D65F673D54F68B0861025C69773DB');
INSERT INTO "SSMQIYEQX"."ORDERS" VALUES ('55F9AF582D5A4DB28FB4EC3199385762', '33333', TO_TIMESTAMP('2018-03-02 12:00:00.000000', 'SYYYY-MM-DD HH24:MI:SS:FF6'), '2', '没什么', '0', '1', '9F71F01CB448476DAFB309AA6DF9497F', 'E61D65F673D54F68B0861025C69773DB');
INSERT INTO "SSMQIYEQX"."ORDERS" VALUES ('CA005CF1BE3C4EF68F88ABC7DF30E976', '44444', TO_TIMESTAMP('2018-03-02 12:00:00.000000', 'SYYYY-MM-DD HH24:MI:SS:FF6'), '2', '没什么', '0', '1', '9F71F01CB448476DAFB309AA6DF9497F', 'E61D65F673D54F68B0861025C69773DB');
INSERT INTO "SSMQIYEQX"."ORDERS" VALUES ('3081770BC3984EF092D9E99760FDABDE', '55555', TO_TIMESTAMP('2018-03-02 12:00:00.000000', 'SYYYY-MM-DD HH24:MI:SS:FF6'), '2', '没什么', '0', '1', '9F71F01CB448476DAFB309AA6DF9497F', 'E61D65F673D54F68B0861025C69773DB');

-- ----------------------------
-- Table structure for ORDER_TRAVELLER
-- ----------------------------
DROP TABLE "SSMQIYEQX"."ORDER_TRAVELLER";
CREATE TABLE "SSMQIYEQX"."ORDER_TRAVELLER" (
  "ORDERID" VARCHAR2(32 BYTE) NOT NULL ,
  "TRAVELLERID" VARCHAR2(32 BYTE) NOT NULL 
)
TABLESPACE "USERS"
LOGGING
NOCOMPRESS
PCTFREE 10
INITRANS 1
STORAGE (
  INITIAL 65536 
  NEXT 1048576 
  MINEXTENTS 1
  MAXEXTENTS 2147483645
  BUFFER_POOL DEFAULT
)
PARALLEL 1
NOCACHE
DISABLE ROW MOVEMENT
;

-- ----------------------------
-- Records of ORDER_TRAVELLER
-- ----------------------------
INSERT INTO "SSMQIYEQX"."ORDER_TRAVELLER" VALUES ('0E7231DC797C486290E8713CA3C6ECCC', '3FE27DF2A4E44A6DBC5D0FE4651D3D3E');
INSERT INTO "SSMQIYEQX"."ORDER_TRAVELLER" VALUES ('2FF351C4AC744E2092DCF08CFD314420', '3FE27DF2A4E44A6DBC5D0FE4651D3D3E');
INSERT INTO "SSMQIYEQX"."ORDER_TRAVELLER" VALUES ('3081770BC3984EF092D9E99760FDABDE', 'EE7A71FB6945483FBF91543DBE851960');
INSERT INTO "SSMQIYEQX"."ORDER_TRAVELLER" VALUES ('55F9AF582D5A4DB28FB4EC3199385762', 'EE7A71FB6945483FBF91543DBE851960');
INSERT INTO "SSMQIYEQX"."ORDER_TRAVELLER" VALUES ('5DC6A48DD4E94592AE904930EA866AFA', '3FE27DF2A4E44A6DBC5D0FE4651D3D3E');
INSERT INTO "SSMQIYEQX"."ORDER_TRAVELLER" VALUES ('96CC8BD43C734CC2ACBFF09501B4DD5D', 'EE7A71FB6945483FBF91543DBE851960');
INSERT INTO "SSMQIYEQX"."ORDER_TRAVELLER" VALUES ('A0657832D93E4B10AE88A2D4B70B1A28', '3FE27DF2A4E44A6DBC5D0FE4651D3D3E');
INSERT INTO "SSMQIYEQX"."ORDER_TRAVELLER" VALUES ('CA005CF1BE3C4EF68F88ABC7DF30E976', 'EE7A71FB6945483FBF91543DBE851960');
INSERT INTO "SSMQIYEQX"."ORDER_TRAVELLER" VALUES ('E4DD4C45EED84870ABA83574A801083E', 'EE7A71FB6945483FBF91543DBE851960');

-- ----------------------------
-- Table structure for PERMISSION
-- ----------------------------
DROP TABLE "SSMQIYEQX"."PERMISSION";
CREATE TABLE "SSMQIYEQX"."PERMISSION" (
  "ID" VARCHAR2(32 BYTE) DEFAULT SYS_GUID()   NOT NULL ,
  "PERMISSIONNAME" VARCHAR2(50 BYTE) ,
  "URL" VARCHAR2(50 BYTE) 
)
TABLESPACE "USERS"
LOGGING
NOCOMPRESS
PCTFREE 10
INITRANS 1
STORAGE (
  INITIAL 65536 
  NEXT 1048576 
  MINEXTENTS 1
  MAXEXTENTS 2147483645
  BUFFER_POOL DEFAULT
)
PARALLEL 1
NOCACHE
DISABLE ROW MOVEMENT
;

-- ----------------------------
-- Records of PERMISSION
-- ----------------------------
INSERT INTO "SSMQIYEQX"."PERMISSION" VALUES ('A15211C199E41335E050A8C0802842AD', 'user_findAll', '/user/findAll.do');
INSERT INTO "SSMQIYEQX"."PERMISSION" VALUES ('A15211C199E51335E050A8C0802842AD', 'user_findById', '/user/findById.do');
INSERT INTO "SSMQIYEQX"."PERMISSION" VALUES ('A15650E611C632D2E050A8C0802843FF', 'permission_findAll', 'permission/findAll.do');

-- ----------------------------
-- Table structure for PRODUCT
-- ----------------------------
DROP TABLE "SSMQIYEQX"."PRODUCT";
CREATE TABLE "SSMQIYEQX"."PRODUCT" (
  "ID" VARCHAR2(32 BYTE) DEFAULT SYS_GUID()   NOT NULL ,
  "PRODUCTNUM" VARCHAR2(50 BYTE) NOT NULL ,
  "PRODUCTNAME" VARCHAR2(50 BYTE) ,
  "CITYNAME" VARCHAR2(50 BYTE) ,
  "DEPARTURETIME" TIMESTAMP(6) ,
  "PRODUCTPRICE" NUMBER ,
  "PRODUCTDESC" VARCHAR2(500 BYTE) ,
  "PRODUCTSTATUS" NUMBER 
)
TABLESPACE "USERS"
LOGGING
NOCOMPRESS
PCTFREE 10
INITRANS 1
STORAGE (
  INITIAL 65536 
  NEXT 1048576 
  MINEXTENTS 1
  MAXEXTENTS 2147483645
  BUFFER_POOL DEFAULT
)
PARALLEL 1
NOCACHE
DISABLE ROW MOVEMENT
;

-- ----------------------------
-- Records of PRODUCT
-- ----------------------------
INSERT INTO "SSMQIYEQX"."PRODUCT" VALUES ('676C5BD1D35E429A8C2E114939C5685A', 'itcast-002', '北京三日游', '北京', TO_TIMESTAMP('2018-10-10 10:10:00.000000', 'SYYYY-MM-DD HH24:MI:SS:FF6'), '1200', '不错的旅行', '1');
INSERT INTO "SSMQIYEQX"."PRODUCT" VALUES ('12B7ABF2A4C544568B0A7C69F36BF8B7', 'itcast-003', '上海五日游', '上海', TO_TIMESTAMP('2018-04-25 14:30:00.000000', 'SYYYY-MM-DD HH24:MI:SS:FF6'), '1800', '魔都我来了', '0');
INSERT INTO "SSMQIYEQX"."PRODUCT" VALUES ('9F71F01CB448476DAFB309AA6DF9497F', 'itcast-001', '北京三日游', '北京', TO_TIMESTAMP('2018-10-10 10:10:00.000000', 'SYYYY-MM-DD HH24:MI:SS:FF6'), '1200', '不错的旅行', '1');
INSERT INTO "SSMQIYEQX"."PRODUCT" VALUES ('A14B0DDCB51528D5E050A8C080284083', 'itcast-xx002', 'itcast-xx002', '成都', TO_TIMESTAMP('2020-10-24 14:40:00.000000', 'SYYYY-MM-DD HH24:MI:SS:FF6'), '888', 'test', '1');
INSERT INTO "SSMQIYEQX"."PRODUCT" VALUES ('A122709AE76004ACE050A8C0802838C9', 'itcast-xx001', '广州一日游', '广州', TO_TIMESTAMP('2020-10-24 14:40:00.000000', 'SYYYY-MM-DD HH24:MI:SS:FF6'), '888', NULL, '1');

-- ----------------------------
-- Table structure for ROLE
-- ----------------------------
DROP TABLE "SSMQIYEQX"."ROLE";
CREATE TABLE "SSMQIYEQX"."ROLE" (
  "ID" VARCHAR2(32 BYTE) DEFAULT SYS_GUID()   NOT NULL ,
  "ROLENAME" VARCHAR2(50 BYTE) ,
  "ROLEDESC" VARCHAR2(50 BYTE) 
)
TABLESPACE "USERS"
LOGGING
NOCOMPRESS
PCTFREE 10
INITRANS 1
STORAGE (
  INITIAL 65536 
  NEXT 1048576 
  MINEXTENTS 1
  MAXEXTENTS 2147483645
  BUFFER_POOL DEFAULT
)
PARALLEL 1
NOCACHE
DISABLE ROW MOVEMENT
;

-- ----------------------------
-- Records of ROLE
-- ----------------------------
INSERT INTO "SSMQIYEQX"."ROLE" VALUES ('1111', 'ADMIN', 'vip');
INSERT INTO "SSMQIYEQX"."ROLE" VALUES ('2222', 'USER', 'vip');
INSERT INTO "SSMQIYEQX"."ROLE" VALUES ('A156454633B69A67E050A8C0802843FB', 'liushitong', '刘诗童');

-- ----------------------------
-- Table structure for ROLE_PERMISSION
-- ----------------------------
DROP TABLE "SSMQIYEQX"."ROLE_PERMISSION";
CREATE TABLE "SSMQIYEQX"."ROLE_PERMISSION" (
  "PERMISSIONID" VARCHAR2(32 BYTE) NOT NULL ,
  "ROLEID" VARCHAR2(32 BYTE) NOT NULL 
)
TABLESPACE "USERS"
LOGGING
NOCOMPRESS
PCTFREE 10
INITRANS 1
STORAGE (
  INITIAL 65536 
  NEXT 1048576 
  MINEXTENTS 1
  MAXEXTENTS 2147483645
  BUFFER_POOL DEFAULT
)
PARALLEL 1
NOCACHE
DISABLE ROW MOVEMENT
;

-- ----------------------------
-- Records of ROLE_PERMISSION
-- ----------------------------
INSERT INTO "SSMQIYEQX"."ROLE_PERMISSION" VALUES ('A15211C199E41335E050A8C0802842AD', '1111');
INSERT INTO "SSMQIYEQX"."ROLE_PERMISSION" VALUES ('A15211C199E41335E050A8C0802842AD', '2222');
INSERT INTO "SSMQIYEQX"."ROLE_PERMISSION" VALUES ('A15211C199E41335E050A8C0802842AD', 'A156454633B69A67E050A8C0802843FB');
INSERT INTO "SSMQIYEQX"."ROLE_PERMISSION" VALUES ('A15211C199E51335E050A8C0802842AD', '1111');
INSERT INTO "SSMQIYEQX"."ROLE_PERMISSION" VALUES ('A15211C199E51335E050A8C0802842AD', 'A156454633B69A67E050A8C0802843FB');
INSERT INTO "SSMQIYEQX"."ROLE_PERMISSION" VALUES ('A15650E611C632D2E050A8C0802843FF', '1111');
INSERT INTO "SSMQIYEQX"."ROLE_PERMISSION" VALUES ('A15650E611C632D2E050A8C0802843FF', 'A156454633B69A67E050A8C0802843FB');

-- ----------------------------
-- Table structure for SYSLOG
-- ----------------------------
DROP TABLE "SSMQIYEQX"."SYSLOG";
CREATE TABLE "SSMQIYEQX"."SYSLOG" (
  "ID" VARCHAR2(32 BYTE) DEFAULT SYS_GUID()   NOT NULL ,
  "VISITTIME" TIMESTAMP(6) ,
  "USERNAME" VARCHAR2(50 BYTE) ,
  "IP" VARCHAR2(30 BYTE) ,
  "URL" VARCHAR2(50 BYTE) ,
  "EXECUTIONTIME" NUMBER ,
  "METHOD" VARCHAR2(200 BYTE) 
)
TABLESPACE "USERS"
LOGGING
NOCOMPRESS
PCTFREE 10
INITRANS 1
STORAGE (
  INITIAL 65536 
  NEXT 1048576 
  MINEXTENTS 1
  MAXEXTENTS 2147483645
  BUFFER_POOL DEFAULT
)
PARALLEL 1
NOCACHE
DISABLE ROW MOVEMENT
;

-- ----------------------------
-- Records of SYSLOG
-- ----------------------------
INSERT INTO "SSMQIYEQX"."SYSLOG" VALUES ('A16B5448E11E8E4CE050A8C080284879', TO_TIMESTAMP('2020-11-09 22:09:29.293000', 'SYYYY-MM-DD HH24:MI:SS:FF6'), 'lst', '0:0:0:0:0:0:0:1', '/user/findAll.do', '26', '[类名] com.itheima.ssm.controller.UserController[方法名] findAll');
INSERT INTO "SSMQIYEQX"."SYSLOG" VALUES ('A16B5DD81C5DFCC7E050A8C080284881', TO_TIMESTAMP('2020-11-09 22:12:09.626000', 'SYYYY-MM-DD HH24:MI:SS:FF6'), 'panghl', '0:0:0:0:0:0:0:1', '/role/findAll.do', '17', '[类名] com.itheima.ssm.controller.RoleController[方法名] findAll');
INSERT INTO "SSMQIYEQX"."SYSLOG" VALUES ('A16B5DD81C5EFCC7E050A8C080284881', TO_TIMESTAMP('2020-11-09 22:12:12.697000', 'SYYYY-MM-DD HH24:MI:SS:FF6'), 'panghl', '0:0:0:0:0:0:0:1', '/sysLog/findAll.do', '15', '[类名] com.itheima.ssm.controller.SysLogController[方法名] findAll');

-- ----------------------------
-- Table structure for TRAVELLER
-- ----------------------------
DROP TABLE "SSMQIYEQX"."TRAVELLER";
CREATE TABLE "SSMQIYEQX"."TRAVELLER" (
  "ID" VARCHAR2(32 BYTE) DEFAULT SYS_GUID()   NOT NULL ,
  "NAME" VARCHAR2(20 BYTE) ,
  "SEX" VARCHAR2(20 BYTE) ,
  "PHONENUM" VARCHAR2(20 BYTE) ,
  "CREDENTIALSTYPE" NUMBER ,
  "CREDENTIALSNUM" VARCHAR2(50 BYTE) ,
  "TRAVELLERTYPE" NUMBER 
)
TABLESPACE "USERS"
LOGGING
NOCOMPRESS
PCTFREE 10
INITRANS 1
STORAGE (
  INITIAL 65536 
  NEXT 1048576 
  MINEXTENTS 1
  MAXEXTENTS 2147483645
  BUFFER_POOL DEFAULT
)
PARALLEL 1
NOCACHE
DISABLE ROW MOVEMENT
;

-- ----------------------------
-- Records of TRAVELLER
-- ----------------------------
INSERT INTO "SSMQIYEQX"."TRAVELLER" VALUES ('3FE27DF2A4E44A6DBC5D0FE4651D3D3E', '张龙', '男', '13333333333', '0', '123456789009876543', '0');
INSERT INTO "SSMQIYEQX"."TRAVELLER" VALUES ('EE7A71FB6945483FBF91543DBE851960', '张小龙', '男', '15555555555', '0', '987654321123456789', '1');

-- ----------------------------
-- Table structure for USERS
-- ----------------------------
DROP TABLE "SSMQIYEQX"."USERS";
CREATE TABLE "SSMQIYEQX"."USERS" (
  "ID" VARCHAR2(32 BYTE) DEFAULT SYS_GUID()   NOT NULL ,
  "EMAIL" VARCHAR2(50 BYTE) NOT NULL ,
  "USERNAME" VARCHAR2(50 BYTE) ,
  "PASSWORD" VARCHAR2(99 BYTE) ,
  "PHONENUM" VARCHAR2(20 BYTE) ,
  "STATUS" NUMBER 
)
TABLESPACE "USERS"
LOGGING
NOCOMPRESS
PCTFREE 10
INITRANS 1
STORAGE (
  INITIAL 65536 
  NEXT 1048576 
  MINEXTENTS 1
  MAXEXTENTS 2147483645
  BUFFER_POOL DEFAULT
)
PARALLEL 1
NOCACHE
DISABLE ROW MOVEMENT
;

-- ----------------------------
-- Records of USERS
-- ----------------------------
INSERT INTO "SSMQIYEQX"."USERS" VALUES ('111-222', 'tom@itcast.cn', 'tom', '$2a$10$GQLgZx1/A2NJmsvGYvkJSehyyWEau4kupxsyZJe1CWqZKb6NXHKQe', '13333333333', '1');
INSERT INTO "SSMQIYEQX"."USERS" VALUES ('222-333', 'phnl', 'panghl', '$2a$10$GiM62gsumZztZXKE81qgFeFj3ioLT1dpWhQdU897Ka7WdzZfFiY2y', '1231231312', '1');
INSERT INTO "SSMQIYEQX"."USERS" VALUES ('A161F03354E9019CE050A8C0802846E1', 'lup@qq.com', 'lup', '$2a$10$HmWo8T3BP6yYuMqmWkusiOrZzELspLtRz.LbppSXR8CDpcQqWsjB2', '31231231', '1');
INSERT INTO "SSMQIYEQX"."USERS" VALUES ('A15F9AD3941E25B6E050A8C080284633', 'lst@qq.com', 'lst', '$2a$10$SRa1XuiHp.wmh07efDxtYuqoC/33p/9qjzxui1sEr6ehhYmSkFM5K', '1231313', '1');

-- ----------------------------
-- Table structure for USERS_ROLE
-- ----------------------------
DROP TABLE "SSMQIYEQX"."USERS_ROLE";
CREATE TABLE "SSMQIYEQX"."USERS_ROLE" (
  "USERID" VARCHAR2(32 BYTE) NOT NULL ,
  "ROLEID" VARCHAR2(32 BYTE) NOT NULL 
)
TABLESPACE "USERS"
LOGGING
NOCOMPRESS
PCTFREE 10
INITRANS 1
STORAGE (
  INITIAL 65536 
  NEXT 1048576 
  MINEXTENTS 1
  MAXEXTENTS 2147483645
  BUFFER_POOL DEFAULT
)
PARALLEL 1
NOCACHE
DISABLE ROW MOVEMENT
;

-- ----------------------------
-- Records of USERS_ROLE
-- ----------------------------
INSERT INTO "SSMQIYEQX"."USERS_ROLE" VALUES ('111-222', '1111');
INSERT INTO "SSMQIYEQX"."USERS_ROLE" VALUES ('111-222', '2222');
INSERT INTO "SSMQIYEQX"."USERS_ROLE" VALUES ('222-333', '1111');
INSERT INTO "SSMQIYEQX"."USERS_ROLE" VALUES ('222-333', '2222');
INSERT INTO "SSMQIYEQX"."USERS_ROLE" VALUES ('A15F9AD3941E25B6E050A8C080284633', '1111');
INSERT INTO "SSMQIYEQX"."USERS_ROLE" VALUES ('A15F9AD3941E25B6E050A8C080284633', '2222');
INSERT INTO "SSMQIYEQX"."USERS_ROLE" VALUES ('A15F9AD3941E25B6E050A8C080284633', 'A156454633B69A67E050A8C0802843FB');

-- ----------------------------
-- Primary Key structure for table MEMBER
-- ----------------------------
ALTER TABLE "SSMQIYEQX"."MEMBER" ADD CONSTRAINT "SYS_C0014269" PRIMARY KEY ("ID");

-- ----------------------------
-- Checks structure for table MEMBER
-- ----------------------------
ALTER TABLE "SSMQIYEQX"."MEMBER" ADD CONSTRAINT "SYS_C0011268" CHECK ("ID" IS NOT NULL) NOT DEFERRABLE INITIALLY IMMEDIATE NORELY VALIDATE;

-- ----------------------------
-- Primary Key structure for table ORDERS
-- ----------------------------
ALTER TABLE "SSMQIYEQX"."ORDERS" ADD CONSTRAINT "SYS_C0014272" PRIMARY KEY ("ID");

-- ----------------------------
-- Uniques structure for table ORDERS
-- ----------------------------
ALTER TABLE "SSMQIYEQX"."ORDERS" ADD CONSTRAINT "SYS_C0014273" UNIQUE ("ORDERNUM") NOT DEFERRABLE INITIALLY IMMEDIATE NORELY VALIDATE;

-- ----------------------------
-- Checks structure for table ORDERS
-- ----------------------------
ALTER TABLE "SSMQIYEQX"."ORDERS" ADD CONSTRAINT "SYS_C0011269" CHECK ("ID" IS NOT NULL) NOT DEFERRABLE INITIALLY IMMEDIATE NORELY VALIDATE;
ALTER TABLE "SSMQIYEQX"."ORDERS" ADD CONSTRAINT "SYS_C0011270" CHECK ("ORDERNUM" IS NOT NULL) NOT DEFERRABLE INITIALLY IMMEDIATE NORELY VALIDATE;
ALTER TABLE "SSMQIYEQX"."ORDERS" ADD CONSTRAINT "SYS_C0014271" CHECK ("ORDERNUM" IS NOT NULL) NOT DEFERRABLE INITIALLY IMMEDIATE NORELY VALIDATE;

-- ----------------------------
-- Primary Key structure for table ORDER_TRAVELLER
-- ----------------------------
ALTER TABLE "SSMQIYEQX"."ORDER_TRAVELLER" ADD CONSTRAINT "SYS_C0014276" PRIMARY KEY ("ORDERID", "TRAVELLERID");

-- ----------------------------
-- Checks structure for table ORDER_TRAVELLER
-- ----------------------------
ALTER TABLE "SSMQIYEQX"."ORDER_TRAVELLER" ADD CONSTRAINT "SYS_C0011271" CHECK ("ORDERID" IS NOT NULL) NOT DEFERRABLE INITIALLY IMMEDIATE NORELY VALIDATE;
ALTER TABLE "SSMQIYEQX"."ORDER_TRAVELLER" ADD CONSTRAINT "SYS_C0011272" CHECK ("TRAVELLERID" IS NOT NULL) NOT DEFERRABLE INITIALLY IMMEDIATE NORELY VALIDATE;

-- ----------------------------
-- Primary Key structure for table PERMISSION
-- ----------------------------
ALTER TABLE "SSMQIYEQX"."PERMISSION" ADD CONSTRAINT "SYS_C0014286" PRIMARY KEY ("ID");

-- ----------------------------
-- Checks structure for table PERMISSION
-- ----------------------------
ALTER TABLE "SSMQIYEQX"."PERMISSION" ADD CONSTRAINT "SYS_C0011273" CHECK ("ID" IS NOT NULL) NOT DEFERRABLE INITIALLY IMMEDIATE NORELY VALIDATE;

-- ----------------------------
-- Primary Key structure for table PRODUCT
-- ----------------------------
ALTER TABLE "SSMQIYEQX"."PRODUCT" ADD CONSTRAINT "SYS_C0014267" PRIMARY KEY ("ID");

-- ----------------------------
-- Uniques structure for table PRODUCT
-- ----------------------------
ALTER TABLE "SSMQIYEQX"."PRODUCT" ADD CONSTRAINT "PRODUCT" UNIQUE ("ID", "PRODUCTNUM") NOT DEFERRABLE INITIALLY IMMEDIATE NORELY VALIDATE;

-- ----------------------------
-- Checks structure for table PRODUCT
-- ----------------------------
ALTER TABLE "SSMQIYEQX"."PRODUCT" ADD CONSTRAINT "SYS_C0011274" CHECK ("ID" IS NOT NULL) NOT DEFERRABLE INITIALLY IMMEDIATE NORELY VALIDATE;
ALTER TABLE "SSMQIYEQX"."PRODUCT" ADD CONSTRAINT "SYS_C0011275" CHECK ("PRODUCTNUM" IS NOT NULL) NOT DEFERRABLE INITIALLY IMMEDIATE NORELY VALIDATE;
ALTER TABLE "SSMQIYEQX"."PRODUCT" ADD CONSTRAINT "SYS_C0014266" CHECK ("PRODUCTNUM" IS NOT NULL) NOT DEFERRABLE INITIALLY IMMEDIATE NORELY VALIDATE;

-- ----------------------------
-- Primary Key structure for table ROLE
-- ----------------------------
ALTER TABLE "SSMQIYEQX"."ROLE" ADD CONSTRAINT "SYS_C0014282" PRIMARY KEY ("ID");

-- ----------------------------
-- Checks structure for table ROLE
-- ----------------------------
ALTER TABLE "SSMQIYEQX"."ROLE" ADD CONSTRAINT "SYS_C0011276" CHECK ("ID" IS NOT NULL) NOT DEFERRABLE INITIALLY IMMEDIATE NORELY VALIDATE;

-- ----------------------------
-- Primary Key structure for table ROLE_PERMISSION
-- ----------------------------
ALTER TABLE "SSMQIYEQX"."ROLE_PERMISSION" ADD CONSTRAINT "SYS_C0014287" PRIMARY KEY ("PERMISSIONID", "ROLEID");

-- ----------------------------
-- Checks structure for table ROLE_PERMISSION
-- ----------------------------
ALTER TABLE "SSMQIYEQX"."ROLE_PERMISSION" ADD CONSTRAINT "SYS_C0011277" CHECK ("PERMISSIONID" IS NOT NULL) NOT DEFERRABLE INITIALLY IMMEDIATE NORELY VALIDATE;
ALTER TABLE "SSMQIYEQX"."ROLE_PERMISSION" ADD CONSTRAINT "SYS_C0011278" CHECK ("ROLEID" IS NOT NULL) NOT DEFERRABLE INITIALLY IMMEDIATE NORELY VALIDATE;

-- ----------------------------
-- Primary Key structure for table SYSLOG
-- ----------------------------
ALTER TABLE "SSMQIYEQX"."SYSLOG" ADD CONSTRAINT "SYS_C0014290" PRIMARY KEY ("ID");

-- ----------------------------
-- Checks structure for table SYSLOG
-- ----------------------------
ALTER TABLE "SSMQIYEQX"."SYSLOG" ADD CONSTRAINT "SYS_C0011279" CHECK ("ID" IS NOT NULL) NOT DEFERRABLE INITIALLY IMMEDIATE NORELY VALIDATE;

-- ----------------------------
-- Primary Key structure for table TRAVELLER
-- ----------------------------
ALTER TABLE "SSMQIYEQX"."TRAVELLER" ADD CONSTRAINT "SYS_C0014270" PRIMARY KEY ("ID");

-- ----------------------------
-- Checks structure for table TRAVELLER
-- ----------------------------
ALTER TABLE "SSMQIYEQX"."TRAVELLER" ADD CONSTRAINT "SYS_C0011280" CHECK ("ID" IS NOT NULL) NOT DEFERRABLE INITIALLY IMMEDIATE NORELY VALIDATE;

-- ----------------------------
-- Primary Key structure for table USERS
-- ----------------------------
ALTER TABLE "SSMQIYEQX"."USERS" ADD CONSTRAINT "SYS_C0014280" PRIMARY KEY ("ID");

-- ----------------------------
-- Uniques structure for table USERS
-- ----------------------------
ALTER TABLE "SSMQIYEQX"."USERS" ADD CONSTRAINT "SYS_C0014281" UNIQUE ("EMAIL") NOT DEFERRABLE INITIALLY IMMEDIATE NORELY VALIDATE;

-- ----------------------------
-- Checks structure for table USERS
-- ----------------------------
ALTER TABLE "SSMQIYEQX"."USERS" ADD CONSTRAINT "SYS_C0011281" CHECK ("ID" IS NOT NULL) NOT DEFERRABLE INITIALLY IMMEDIATE NORELY VALIDATE;
ALTER TABLE "SSMQIYEQX"."USERS" ADD CONSTRAINT "SYS_C0011282" CHECK ("EMAIL" IS NOT NULL) NOT DEFERRABLE INITIALLY IMMEDIATE NORELY VALIDATE;
ALTER TABLE "SSMQIYEQX"."USERS" ADD CONSTRAINT "SYS_C0014279" CHECK ("EMAIL" IS NOT NULL) NOT DEFERRABLE INITIALLY IMMEDIATE NORELY VALIDATE;

-- ----------------------------
-- Primary Key structure for table USERS_ROLE
-- ----------------------------
ALTER TABLE "SSMQIYEQX"."USERS_ROLE" ADD CONSTRAINT "SYS_C0014283" PRIMARY KEY ("USERID", "ROLEID");

-- ----------------------------
-- Checks structure for table USERS_ROLE
-- ----------------------------
ALTER TABLE "SSMQIYEQX"."USERS_ROLE" ADD CONSTRAINT "SYS_C0011283" CHECK ("USERID" IS NOT NULL) NOT DEFERRABLE INITIALLY IMMEDIATE NORELY VALIDATE;
ALTER TABLE "SSMQIYEQX"."USERS_ROLE" ADD CONSTRAINT "SYS_C0011284" CHECK ("ROLEID" IS NOT NULL) NOT DEFERRABLE INITIALLY IMMEDIATE NORELY VALIDATE;

-- ----------------------------
-- Foreign Keys structure for table ORDERS
-- ----------------------------
ALTER TABLE "SSMQIYEQX"."ORDERS" ADD CONSTRAINT "SYS_C0014274" FOREIGN KEY ("PRODUCTID") REFERENCES "SSMQIYEQX"."PRODUCT" ("ID") NOT DEFERRABLE INITIALLY IMMEDIATE NORELY VALIDATE;
ALTER TABLE "SSMQIYEQX"."ORDERS" ADD CONSTRAINT "SYS_C0014275" FOREIGN KEY ("MEMBERID") REFERENCES "SSMQIYEQX"."MEMBER" ("ID") NOT DEFERRABLE INITIALLY IMMEDIATE NORELY VALIDATE;

-- ----------------------------
-- Foreign Keys structure for table ORDER_TRAVELLER
-- ----------------------------
ALTER TABLE "SSMQIYEQX"."ORDER_TRAVELLER" ADD CONSTRAINT "SYS_C0014277" FOREIGN KEY ("ORDERID") REFERENCES "SSMQIYEQX"."ORDERS" ("ID") NOT DEFERRABLE INITIALLY IMMEDIATE NORELY VALIDATE;
ALTER TABLE "SSMQIYEQX"."ORDER_TRAVELLER" ADD CONSTRAINT "SYS_C0014278" FOREIGN KEY ("TRAVELLERID") REFERENCES "SSMQIYEQX"."TRAVELLER" ("ID") NOT DEFERRABLE INITIALLY IMMEDIATE NORELY VALIDATE;

-- ----------------------------
-- Foreign Keys structure for table ROLE_PERMISSION
-- ----------------------------
ALTER TABLE "SSMQIYEQX"."ROLE_PERMISSION" ADD CONSTRAINT "SYS_C0014288" FOREIGN KEY ("PERMISSIONID") REFERENCES "SSMQIYEQX"."PERMISSION" ("ID") NOT DEFERRABLE INITIALLY IMMEDIATE NORELY VALIDATE;
ALTER TABLE "SSMQIYEQX"."ROLE_PERMISSION" ADD CONSTRAINT "SYS_C0014289" FOREIGN KEY ("ROLEID") REFERENCES "SSMQIYEQX"."ROLE" ("ID") NOT DEFERRABLE INITIALLY IMMEDIATE NORELY VALIDATE;

-- ----------------------------
-- Foreign Keys structure for table USERS_ROLE
-- ----------------------------
ALTER TABLE "SSMQIYEQX"."USERS_ROLE" ADD CONSTRAINT "SYS_C0014284" FOREIGN KEY ("USERID") REFERENCES "SSMQIYEQX"."USERS" ("ID") NOT DEFERRABLE INITIALLY IMMEDIATE NORELY VALIDATE;
ALTER TABLE "SSMQIYEQX"."USERS_ROLE" ADD CONSTRAINT "SYS_C0014285" FOREIGN KEY ("ROLEID") REFERENCES "SSMQIYEQX"."ROLE" ("ID") NOT DEFERRABLE INITIALLY IMMEDIATE NORELY VALIDATE;
