/*
 Navicat Premium Data Transfer

 Source Server         : localhost
 Source Server Type    : MySQL
 Source Server Version : 80017
 Source Host           : localhost:3306
 Source Schema         : ssm

 Target Server Type    : MySQL
 Target Server Version : 80017
 File Encoding         : 65001

 Date: 02/06/2020 10:29:27
*/



-- mysql

SET NAMES utf8mb4;
SET FOREIGN_KEY_CHECKS = 0;

-- ----------------------------
-- Table structure for log
-- ----------------------------
DROP TABLE IF EXISTS `log`;
CREATE TABLE `log`  (
  `id` int(11) NOT NULL AUTO_INCREMENT,
  `visitTime` date NULL DEFAULT NULL COMMENT '访问时间',
  `username` varchar(20) CHARACTER SET utf8 COLLATE utf8_general_ci NULL DEFAULT NULL COMMENT '操作者用户名',
  `ip` varchar(50) CHARACTER SET utf8 COLLATE utf8_general_ci NULL DEFAULT NULL COMMENT '访问ip',
  `url` varchar(100) CHARACTER SET utf8 COLLATE utf8_general_ci NULL DEFAULT NULL COMMENT '访问资源url',
  `executionTime` int(11) NULL DEFAULT NULL COMMENT '执行时长',
  `method` varchar(100) CHARACTER SET utf8 COLLATE utf8_general_ci NULL DEFAULT NULL COMMENT '访问方法',
  PRIMARY KEY (`id`) USING BTREE
) ENGINE = InnoDB CHARACTER SET = utf8 COLLATE = utf8_general_ci ROW_FORMAT = Dynamic;

-- ----------------------------
-- Table structure for member
-- ----------------------------
DROP TABLE IF EXISTS `member`;
CREATE TABLE `member`  (
  `id` int(11) NOT NULL AUTO_INCREMENT,
  `name` varchar(4) CHARACTER SET utf8 COLLATE utf8_general_ci NULL DEFAULT NULL COMMENT '姓名',
  `nickName` varchar(20) CHARACTER SET utf8 COLLATE utf8_general_ci NULL DEFAULT NULL COMMENT '昵称',
  `phoneNum` varchar(20) CHARACTER SET utf8 COLLATE utf8_general_ci NULL DEFAULT NULL COMMENT '电话号码',
  `email` varchar(50) CHARACTER SET utf8 COLLATE utf8_general_ci NULL DEFAULT NULL COMMENT '邮箱',
  PRIMARY KEY (`id`) USING BTREE
) ENGINE = InnoDB AUTO_INCREMENT = 2 CHARACTER SET = utf8 COLLATE = utf8_general_ci ROW_FORMAT = Dynamic;

-- ----------------------------
-- Table structure for order
-- ----------------------------
DROP TABLE IF EXISTS `order`;
CREATE TABLE `order`  (
  `id` int(11) NOT NULL AUTO_INCREMENT,
  `orderNum` varchar(50) CHARACTER SET utf8 COLLATE utf8_general_ci NOT NULL COMMENT '订单编号',
  `orderTime` datetime(0) NULL DEFAULT NULL COMMENT '下单时间',
  `peopleCount` int(11) NULL DEFAULT NULL COMMENT '出行人数',
  `orderDesc` varchar(500) CHARACTER SET utf8 COLLATE utf8_general_ci NULL DEFAULT NULL COMMENT '订单描述（其他信息）',
  `payType` int(11) NULL DEFAULT NULL COMMENT '支付方式（0 支付宝 1微信 2 其他）',
  `orderStatus` int(11) NULL DEFAULT NULL COMMENT '订单状态（0未支付1已支付）',
  `productId` int(11) NULL DEFAULT NULL COMMENT '产品id外键',
  `memberId` int(11) NULL DEFAULT NULL COMMENT '会员（联系人）id外键',
  PRIMARY KEY (`id`, `orderNum`) USING BTREE,
  INDEX `productId`(`productId`) USING BTREE,
  INDEX `id`(`id`) USING BTREE,
  INDEX `memberId`(`memberId`) USING BTREE,
  CONSTRAINT `order_ibfk_1` FOREIGN KEY (`productId`) REFERENCES `product` (`id`) ON DELETE RESTRICT ON UPDATE RESTRICT,
  CONSTRAINT `order_ibfk_2` FOREIGN KEY (`memberId`) REFERENCES `member` (`id`) ON DELETE RESTRICT ON UPDATE RESTRICT
) ENGINE = InnoDB AUTO_INCREMENT = 3 CHARACTER SET = utf8 COLLATE = utf8_general_ci ROW_FORMAT = Dynamic;

-- ----------------------------
-- Table structure for order_traveller
-- ----------------------------
DROP TABLE IF EXISTS `order_traveller`;
CREATE TABLE `order_traveller`  (
  `orderId` int(11) NOT NULL COMMENT '订单id',
  `travellerId` int(11) NOT NULL COMMENT '旅客id',
  PRIMARY KEY (`orderId`, `travellerId`) USING BTREE,
  INDEX `travellerId`(`travellerId`) USING BTREE,
  CONSTRAINT `order_traveller_ibfk_1` FOREIGN KEY (`orderId`) REFERENCES `order` (`id`) ON DELETE RESTRICT ON UPDATE RESTRICT,
  CONSTRAINT `order_traveller_ibfk_2` FOREIGN KEY (`travellerId`) REFERENCES `traveller` (`id`) ON DELETE RESTRICT ON UPDATE RESTRICT
) ENGINE = InnoDB CHARACTER SET = utf8 COLLATE = utf8_general_ci ROW_FORMAT = Dynamic;

-- ----------------------------
-- Table structure for permission
-- ----------------------------
DROP TABLE IF EXISTS `permission`;
CREATE TABLE `permission`  (
  `id` int(11) NOT NULL AUTO_INCREMENT,
  `permissionName` varchar(100) CHARACTER SET utf8 COLLATE utf8_general_ci NULL DEFAULT NULL COMMENT '权限名',
  `url` varchar(100) CHARACTER SET utf8 COLLATE utf8_general_ci NULL DEFAULT NULL COMMENT '资源路径',
  PRIMARY KEY (`id`) USING BTREE
) ENGINE = InnoDB AUTO_INCREMENT = 5 CHARACTER SET = utf8 COLLATE = utf8_general_ci ROW_FORMAT = Dynamic;

-- ----------------------------
-- Table structure for product
-- ----------------------------
DROP TABLE IF EXISTS `product`;
CREATE TABLE `product`  (
  `id` int(32) NOT NULL AUTO_INCREMENT,
  `productNum` varchar(50) CHARACTER SET utf8 COLLATE utf8_general_ci NOT NULL COMMENT '产品编号',
  `productName` varchar(50) CHARACTER SET utf8 COLLATE utf8_general_ci NULL DEFAULT NULL COMMENT '产品名称（路线名称）',
  `cityName` varchar(50) CHARACTER SET utf8 COLLATE utf8_general_ci NULL DEFAULT NULL COMMENT '出发城市',
  `DepartureTime` datetime(0) NULL DEFAULT NULL COMMENT '出发时间',
  `productPrice` double(10, 2) NULL DEFAULT NULL COMMENT '产品价格',
  `productDesc` varchar(500) CHARACTER SET utf8 COLLATE utf8_general_ci NULL DEFAULT NULL COMMENT '产品描述',
  `productStatus` int(255) NULL DEFAULT NULL COMMENT '状态（0关闭 1开启）',
  PRIMARY KEY (`id`, `productNum`) USING BTREE,
  INDEX `id`(`id`) USING BTREE
) ENGINE = InnoDB AUTO_INCREMENT = 4 CHARACTER SET = utf8 COLLATE = utf8_general_ci ROW_FORMAT = Dynamic;

-- ----------------------------
-- Table structure for role
-- ----------------------------
DROP TABLE IF EXISTS `role`;
CREATE TABLE `role`  (
  `id` int(11) NOT NULL AUTO_INCREMENT,
  `roleName` varchar(20) CHARACTER SET utf8 COLLATE utf8_general_ci NULL DEFAULT NULL COMMENT '角色名',
  `roleDesc` varchar(20) CHARACTER SET utf8 COLLATE utf8_general_ci NULL DEFAULT NULL COMMENT '角色描述',
  PRIMARY KEY (`id`) USING BTREE
) ENGINE = InnoDB AUTO_INCREMENT = 5 CHARACTER SET = utf8 COLLATE = utf8_general_ci ROW_FORMAT = Dynamic;

-- ----------------------------
-- Table structure for role_permission
-- ----------------------------
DROP TABLE IF EXISTS `role_permission`;
CREATE TABLE `role_permission`  (
  `roleId` int(11) NOT NULL,
  `permissionId` int(11) NOT NULL,
  PRIMARY KEY (`roleId`, `permissionId`) USING BTREE,
  INDEX `permissionId`(`permissionId`) USING BTREE,
  CONSTRAINT `role_permission_ibfk_1` FOREIGN KEY (`roleId`) REFERENCES `role` (`id`) ON DELETE RESTRICT ON UPDATE RESTRICT,
  CONSTRAINT `role_permission_ibfk_2` FOREIGN KEY (`permissionId`) REFERENCES `permission` (`id`) ON DELETE RESTRICT ON UPDATE RESTRICT
) ENGINE = InnoDB CHARACTER SET = utf8 COLLATE = utf8_general_ci ROW_FORMAT = Dynamic;

-- ----------------------------
-- Table structure for traveller
-- ----------------------------
DROP TABLE IF EXISTS `traveller`;
CREATE TABLE `traveller`  (
  `id` int(32) NOT NULL AUTO_INCREMENT,
  `name` varchar(20) CHARACTER SET utf8 COLLATE utf8_general_ci NOT NULL COMMENT '姓名',
  `sex` varchar(2) CHARACTER SET utf8 COLLATE utf8_general_ci NULL DEFAULT NULL COMMENT '性别',
  `phoneNum` varchar(20) CHARACTER SET utf8 COLLATE utf8_general_ci NULL DEFAULT NULL COMMENT '电话号码',
  `credentialsType` int(11) NULL DEFAULT NULL COMMENT '证件类型0身份证1护照2军官证',
  `credentialsNum` varchar(50) CHARACTER SET utf8 COLLATE utf8_general_ci NULL DEFAULT NULL COMMENT '证件号码',
  `travellerType` int(11) NULL DEFAULT NULL COMMENT '旅客类型（0成人 1儿童）',
  PRIMARY KEY (`id`) USING BTREE
) ENGINE = InnoDB AUTO_INCREMENT = 3 CHARACTER SET = utf8 COLLATE = utf8_general_ci ROW_FORMAT = Dynamic;

-- ----------------------------
-- Table structure for user
-- ----------------------------
DROP TABLE IF EXISTS `user`;
CREATE TABLE `user`  (
  `id` int(11) NOT NULL AUTO_INCREMENT,
  `email` varchar(50) CHARACTER SET utf8 COLLATE utf8_general_ci NOT NULL COMMENT '邮箱',
  `username` varchar(20) CHARACTER SET utf8 COLLATE utf8_general_ci NULL DEFAULT NULL COMMENT '用户名',
  `password` varchar(255) CHARACTER SET utf8 COLLATE utf8_general_ci NULL DEFAULT NULL COMMENT '密码（加密）',
  `phoneNum` varchar(20) CHARACTER SET utf8 COLLATE utf8_general_ci NULL DEFAULT NULL COMMENT '电话',
  `status` int(11) NULL DEFAULT NULL COMMENT '状态 0 未开启 1开启',
  PRIMARY KEY (`id`, `email`) USING BTREE,
  INDEX `id`(`id`) USING BTREE
) ENGINE = InnoDB AUTO_INCREMENT = 3 CHARACTER SET = utf8 COLLATE = utf8_general_ci ROW_FORMAT = Dynamic;

-- ----------------------------
-- Table structure for user_role
-- ----------------------------
DROP TABLE IF EXISTS `user_role`;
CREATE TABLE `user_role`  (
  `userId` int(11) NOT NULL,
  `roleId` int(11) NOT NULL,
  PRIMARY KEY (`userId`, `roleId`) USING BTREE,
  INDEX `roleId`(`roleId`) USING BTREE,
  CONSTRAINT `user_role_ibfk_1` FOREIGN KEY (`userId`) REFERENCES `user` (`id`) ON DELETE RESTRICT ON UPDATE RESTRICT,
  CONSTRAINT `user_role_ibfk_2` FOREIGN KEY (`roleId`) REFERENCES `role` (`id`) ON DELETE RESTRICT ON UPDATE RESTRICT
) ENGINE = InnoDB CHARACTER SET = utf8 COLLATE = utf8_general_ci ROW_FORMAT = Dynamic;

SET FOREIGN_KEY_CHECKS = 1;



-- 
-- 


-- oracle sql

CREATE TABLE product(
id varchar2(32) default SYS_GUID() PRIMARY KEY,
productNum VARCHAR2(50) NOT NULL,
productName VARCHAR2(50),
cityName VARCHAR2(50),
DepartureTime timestamp,
productPrice Number,
productDesc VARCHAR2(500),
productStatus INT,
CONSTRAINT product UNIQUE (id, productNum)
)

SELECT *  FROM PRODUCT;

insert into PRODUCT (id, productnum, productname, cityname, departuretime, productprice,productdesc, productstatus)
values ('676C5BD1D35E429A8C2E114939C5685A', 'itcast-002', '北京三日游', '北京', to_timestamp('10-10-2018 10:10:00.000000', 'dd-mm-yyyy hh24:mi:ss.ff'), 1200, '不错的旅行', 1);
insert into PRODUCT (id, productnum, productname, cityname, departuretime, productprice,productdesc, productstatus)
values ('12B7ABF2A4C544568B0A7C69F36BF8B7', 'itcast-003', '上海五日游', '上海', to_timestamp('25-04-2018 14:30:00.000000', 'dd-mm-yyyy hh24:mi:ss.ff'), 1800, '魔都我来了', 0);
insert into PRODUCT (id, productnum, productname, cityname, departuretime, productprice,productdesc, productstatus)
values ('9F71F01CB448476DAFB309AA6DF9497F', 'itcast-001', '北京三日游', '北京', to_timestamp('10-10-2018 10:10:00.000000', 'dd-mm-yyyy hh24:mi:ss.ff'), 1200, '不错的旅行', 1);



-- 会员
drop table member;
CREATE TABLE member(
       id varchar2(32) default SYS_GUID() PRIMARY KEY,
       NAME VARCHAR2(20),
       nickname VARCHAR2(20),
       phoneNum VARCHAR2(20),
       email VARCHAR2(20) 
);
insert into MEMBER (id, name, nickname, phonenum, email)
values ('E61D65F673D54F68B0861025C69773DB', '张三', '小三', '18888888888', 'zs@163.com');


select *  from member;



select *  from orders;
select *  from traveller;




drop table orders;
CREATE TABLE orders(
  id varchar2(32) default SYS_GUID() PRIMARY KEY,
  orderNum VARCHAR2(20) NOT NULL UNIQUE,
  orderTime timestamp,
  peopleCount INT,
  orderDesc VARCHAR2(500),
  payType INT,
  orderStatus INT,
  productId varchar2(32),
  memberId varchar2(32),
  FOREIGN KEY (productId) REFERENCES product(id),
  FOREIGN KEY (memberId) REFERENCES member(id)
)
insert into ORDERS (id, ordernum, ordertime, peoplecount, orderdesc, paytype, orderstatus, productid, memberid)
values ('0E7231DC797C486290E8713CA3C6ECCC', '12345', to_timestamp('02-03-2018 12:00:00.000000', 'dd-mm-yyyy hh24:mi:ss.ff'), 2, '没什么', 0, 1, '676C5BD1D35E429A8C2E114939C5685A', 'E61D65F673D54F68B0861025C69773DB');
insert into ORDERS (id, ordernum, ordertime, peoplecount, orderdesc, paytype, orderstatus, productid, memberid)
values ('5DC6A48DD4E94592AE904930EA866AFA', '54321', to_timestamp('02-03-2018 12:00:00.000000', 'dd-mm-yyyy hh24:mi:ss.ff'), 2, '没什么', 0, 1, '676C5BD1D35E429A8C2E114939C5685A', 'E61D65F673D54F68B0861025C69773DB');
insert into ORDERS (id, ordernum, ordertime, peoplecount, orderdesc, paytype, orderstatus, productid, memberid)
values ('2FF351C4AC744E2092DCF08CFD314420', '67890', to_timestamp('02-03-2018 12:00:00.000000', 'dd-mm-yyyy hh24:mi:ss.ff'), 2, '没什么', 0, 1, '12B7ABF2A4C544568B0A7C69F36BF8B7', 'E61D65F673D54F68B0861025C69773DB');
insert into ORDERS (id, ordernum, ordertime, peoplecount, orderdesc, paytype, orderstatus, productid, memberid)
values ('A0657832D93E4B10AE88A2D4B70B1A28', '98765', to_timestamp('02-03-2018 12:00:00.000000', 'dd-mm-yyyy hh24:mi:ss.ff'), 2, '没什么', 0, 1, '12B7ABF2A4C544568B0A7C69F36BF8B7', 'E61D65F673D54F68B0861025C69773DB');
insert into ORDERS (id, ordernum, ordertime, peoplecount, orderdesc, paytype, orderstatus, productid, memberid)
values ('E4DD4C45EED84870ABA83574A801083E', '11111', to_timestamp('02-03-2018 12:00:00.000000', 'dd-mm-yyyy hh24:mi:ss.ff'), 2, '没什么', 0, 1, '12B7ABF2A4C544568B0A7C69F36BF8B7', 'E61D65F673D54F68B0861025C69773DB');
insert into ORDERS (id, ordernum, ordertime, peoplecount, orderdesc, paytype, orderstatus, productid, memberid)
values ('96CC8BD43C734CC2ACBFF09501B4DD5D', '22222', to_timestamp('02-03-2018 12:00:00.000000', 'dd-mm-yyyy hh24:mi:ss.ff'), 2, '没什么', 0, 1, '12B7ABF2A4C544568B0A7C69F36BF8B7', 'E61D65F673D54F68B0861025C69773DB');
insert into ORDERS (id, ordernum, ordertime, peoplecount, orderdesc, paytype, orderstatus, productid, memberid)
values ('55F9AF582D5A4DB28FB4EC3199385762', '33333', to_timestamp('02-03-2018 12:00:00.000000', 'dd-mm-yyyy hh24:mi:ss.ff'), 2, '没什么', 0, 1, '9F71F01CB448476DAFB309AA6DF9497F', 'E61D65F673D54F68B0861025C69773DB');
insert into ORDERS (id, ordernum, ordertime, peoplecount, orderdesc, paytype, orderstatus, productid, memberid)
values ('CA005CF1BE3C4EF68F88ABC7DF30E976', '44444', to_timestamp('02-03-2018 12:00:00.000000', 'dd-mm-yyyy hh24:mi:ss.ff'), 2, '没什么', 0, 1, '9F71F01CB448476DAFB309AA6DF9497F', 'E61D65F673D54F68B0861025C69773DB');
insert into ORDERS (id, ordernum, ordertime, peoplecount, orderdesc, paytype, orderstatus, productid, memberid)
values ('3081770BC3984EF092D9E99760FDABDE', '55555', to_timestamp('02-03-2018 12:00:00.000000', 'dd-mm-yyyy hh24:mi:ss.ff'), 2, '没什么', 0, 1, '9F71F01CB448476DAFB309AA6DF9497F', 'E61D65F673D54F68B0861025C69773DB');




-- 旅客
drop table traveller;
CREATE TABLE traveller(
  id varchar2(32) default SYS_GUID() PRIMARY KEY,
  NAME VARCHAR2(20),
  sex VARCHAR2(20),
  phoneNum VARCHAR2(20),
  credentialsType INT,
  credentialsNum VARCHAR2(50),
  travellerType INT
)
insert into TRAVELLER (id, name, sex, phonenum, credentialstype, credentialsnum, travellertype)
values ('3FE27DF2A4E44A6DBC5D0FE4651D3D3E', '张龙', '男', '13333333333', 0, '123456789009876543', 0);
insert into TRAVELLER (id, name, sex, phonenum, credentialstype, credentialsnum, travellertype)
values ('EE7A71FB6945483FBF91543DBE851960', '张小龙', '男', '15555555555', 0, '987654321123456789', 1);


SELECT * FROM ORDER_TRAVELLER;

       select * from traveller where id in(select travellerId from order_traveller where orderId='0E7231DC797C486290E8713CA3C6ECCC');

-- 订单与旅客中间表
drop table order_traveller;
CREATE TABLE order_traveller(
  orderId varchar2(32),
  travellerId varchar2(32),
  PRIMARY KEY (orderId,travellerId),
  FOREIGN KEY (orderId) REFERENCES orders(id),
  FOREIGN KEY (travellerId) REFERENCES traveller(id)
)

insert into ORDER_TRAVELLER (orderid, travellerid)
values ('0E7231DC797C486290E8713CA3C6ECCC', '3FE27DF2A4E44A6DBC5D0FE4651D3D3E');
insert into ORDER_TRAVELLER (orderid, travellerid)
values ('2FF351C4AC744E2092DCF08CFD314420', '3FE27DF2A4E44A6DBC5D0FE4651D3D3E');
insert into ORDER_TRAVELLER (orderid, travellerid)
values ('3081770BC3984EF092D9E99760FDABDE', 'EE7A71FB6945483FBF91543DBE851960');
insert into ORDER_TRAVELLER (orderid, travellerid)
values ('55F9AF582D5A4DB28FB4EC3199385762', 'EE7A71FB6945483FBF91543DBE851960');
insert into ORDER_TRAVELLER (orderid, travellerid)
values ('5DC6A48DD4E94592AE904930EA866AFA', '3FE27DF2A4E44A6DBC5D0FE4651D3D3E');
insert into ORDER_TRAVELLER (orderid, travellerid)
values ('96CC8BD43C734CC2ACBFF09501B4DD5D', 'EE7A71FB6945483FBF91543DBE851960');
insert into ORDER_TRAVELLER (orderid, travellerid)
values ('A0657832D93E4B10AE88A2D4B70B1A28', '3FE27DF2A4E44A6DBC5D0FE4651D3D3E');
insert into ORDER_TRAVELLER (orderid, travellerid)
values ('CA005CF1BE3C4EF68F88ABC7DF30E976', 'EE7A71FB6945483FBF91543DBE851960');
insert into ORDER_TRAVELLER (orderid, travellerid)
values ('E4DD4C45EED84870ABA83574A801083E', 'EE7A71FB6945483FBF91543DBE851960');


drop table users;

CREATE TABLE users(
id varchar2(32) default SYS_GUID() PRIMARY KEY,
email VARCHAR2(50) UNIQUE NOT NULL,
username VARCHAR2(50),
PASSWORD VARCHAR2(50),
phoneNum VARCHAR2(20),
STATUS INT
)

insert into users values('111-222', 'tom@itcast.cn', 'tom', '123', '1234567890', '1');
insert into users values('122-222', 'kc@itcast.cn', 'kc', '123', '1232237890', '1');

select *  from users where  username= 'kc';
update users set password = '$2a$10$QeA.2uQKGWQLO4Phw/.QCuLTwbJzk6Cqx2EtmGBdnJW3Gzrtbxd7q' where id='122-222' ;

select * from role;


CREATE TABLE role(
id varchar2(32) default SYS_GUID() PRIMARY KEY,
roleName VARCHAR2(50) ,
roleDesc VARCHAR2(50)
)


insert into role values ('111', 'ADMIN', 'vip');
insert into role values ('222', 'ADMIN', 'vip');
insert into role values ('232', 'USER', 'vip');



select * from role;


CREATE TABLE users_role(
userId varchar2(32),
roleId varchar2(32),
PRIMARY KEY(userId,roleId),
FOREIGN KEY (userId) REFERENCES users(id),
FOREIGN KEY (roleId) REFERENCES role(id)
)

insert into users_role  values('111-222', '111');

insert into users_role  values('111-222', '222');

select * from role where id in (select roleId from users_role where userId='111-222');




CREATE TABLE permission(
id varchar2(32) default SYS_GUID() PRIMARY KEY,
permissionName VARCHAR2(50) ,
url VARCHAR2(50)
)






CREATE TABLE role_permission(
permissionId varchar2(32),
roleId varchar2(32),
PRIMARY KEY(permissionId,roleId),
FOREIGN KEY (permissionId) REFERENCES permission(id),
FOREIGN KEY (roleId) REFERENCES role(id)
)




select * from permission;
select * from role_permission;
select * from role;



insert into permission(Permissionname, url)  values('user findAll', '/user/finAll.do');
insert into permission(Permissionname, url)  values('user findById', '/user/findById.do');


B7908D35F0D143A9E05011AC02000389

B7908D35F0D243A9E05011AC02000389

insert into role_permission values('B7908D35F0D143A9E05011AC02000389', '111');
insert into role_permission values('B7908D35F0D243A9E05011AC02000389', '111');

insert into role_permission values('B7908D35F0D143A9E05011AC02000389', '22');



CREATE TABLE sysLog(
id VARCHAR2(32) default SYS_GUID() PRIMARY KEY,
visitTime timestamp,
username VARCHAR2(50),
ip VARCHAR2(30),
url VARCHAR2(50),
executionTime int,
method VARCHAR2(200)
)

select * from sysLog;





















